{
    "accuracy": 0.8100558659217877,
    "precision": 0.8723404255319149,
    "recall": 0.5942028985507246,
    "f1_score": 0.7068965517241379,
    "confusion_matrix": [
        [
            104,
            6
        ],
        [
            28,
            41
        ]
    ]
}